Country,University,Year,Donations,Public Grants,Tuition Fees,Total Income,"Total Income, €",Ac.Staff,Student,NIS,CSRC,CSRF,Rept,Tng,NSR,CSR,Edu,NST,CST,SCST,Reputation,Teaching,NSR,CSR,
CH,Swiss Federal Institute of Technology Lausanne (EPFL),2023,"23,000,000 CHF","765,000,000 CHF","22,000,000 CHF","1,158,000,000 CHF","€ 1,184,542,033",3976 ,12720 ,188.78 ,6.0 ,61 ,63 ,67 ,255 ,355 ,65 ,128 ,162 ,145 ,R,,,,
DK,IT University of Copenhagen (ITU),2022,,"302,021,000 kr.","8,434,000 kr.","392,998,000 kr.","€ 52,653,502",275 ,1851 ,0.37 ,2.0 ,46 ,62 ,54 ,3 ,608 ,58 ,40 ,241 ,141 ,1.0110822 ,1.1662257 ,1.0000579 ,1.0000798 ,
CH,Swiss Federal Institute of Technology Zurich (ETH Zurich),2023,"132,000,000 CHF","1,365,000,000 CHF","37,000,000 CHF","1,956,000,000 CHF","€ 2,000,832,657",7447 ,25022 ,346.55 ,10.0 ,47 ,66 ,66 ,238 ,233 ,66 ,123 ,122 ,122 ,Average,,,,
FR,ESPCI Paris - PSL,2022,,"€ 12,230,000","€ 190,000","€ 34,270,000","€ 34,270,000",200 ,396 ,9.81 ,,,62 ,69 ,423 ,,66 ,185 ,44 ,114 ,50.0000 ,50.0000 ,50.0000 ,50.0000 ,
FR,École Normale Supérieure - PSL (ENS-PSL),2022,"€ 508,771","€ 110,923,558","€ 1,081,269","€ 130,198,981","€ 130,198,981",551 ,2641 ,18.95 ,2.0 ,27 ,63 ,60 ,124 ,254 ,61 ,82 ,125 ,104 ,,,,,
IT,Scuola Normale Superiore (SNS),2022,"€ 21,241","€ 49,358,458",,"€ 64,021,570","€ 64,021,570",218 ,642 ,13.35 ,,,63 ,68 ,356 ,,65 ,162 ,44 ,103 ,,,,,
CH,University of Bern (UniBE),2022,,"100,305,000 CHF","18,649,000 CHF","944,209,000 CHF","€ 965,850,819",3195 ,4731 ,92.49 ,1.1 ,1 ,55 ,77 ,335 ,3 ,66 ,156 ,45 ,100 ,,,,,
UK,University of Cambridge,2023,"£132,400,000","£207,600,000","£390,100,000","£2,518,300,000","€ 2,936,344,419",5515 ,22610 ,366.52 ,3.2 ,48 ,41 ,67 ,278 ,85 ,54 ,129 ,64 ,97 ,,,,,
UK,University of Oxford,2023,"£183,700,000","£229,200,000","£504,200,000","£2,924,700,000","€ 3,410,207,887",6580 ,27290 ,378.45 ,3.6 ,50 ,41 ,67 ,238 ,82 ,54 ,115 ,63 ,89 ,,,,,
UK,Imperial College London (ICL),2023,"£52,000,000","£183,000,000","£452,000,000","£1,269,000,000","€ 1,479,657,335",4005 ,21470 ,216.29 ,3.6 ,53 ,29 ,62 ,173 ,111 ,45 ,88 ,67 ,77 ,,,,,
DK,Technical University of Denmark (DTU),2022,,"2,802,082,000 kr.","85,816,000 kr.","5,801,215,000 kr.","€ 777,241,326",3382 ,9957 ,77.96 ,1.6 ,22 ,62 ,66 ,135 ,44 ,64 ,88 ,57 ,72 ,,,,,
DK,University of Copenhagen (UCPH),2022,,"5,392,321,000 kr.","91,601,000 kr.","9,640,000,000 kr.","€ 1,291,558,127",5809 ,27380 ,207.48 ,2.0 ,43 ,62 ,60 ,130 ,39 ,61 ,84 ,54 ,69 ,,,,,
NL,Delft University of Technology (TU Delft),2022,,"€ 575,900,000","€ 71,400,000","€ 913,700,000","€ 913,700,000",6351 ,26978 ,80.08 ,3.5 ,76 ,58 ,58 ,51 ,123 ,58 ,56 ,80 ,68 ,,,,,
CH,University of Basel (UB),2022,"14,372,360 CHF","509,643,762 CHF",,"751,869,907 CHF","€ 769,103,202",5417 ,12896 ,100.26 ,,,64 ,66 ,134 ,,65 ,88 ,43 ,66 ,,,,,
IT,Sant'Anna School of Advanced Studies of Pisa (SSSA),2022,,"€ 47,868,762","€ 3,208,628","€ 76,603,690","€ 76,603,690",393 ,819 ,2.85 ,1.2 ,4 ,60 ,70 ,60 ,73 ,65 ,63 ,68 ,65 ,,,,,
FR,Chimie ParisTech - PSL,2024,*,*,*,*,*,96 ,498 ,5.36 ,,,50 ,50 ,185 ,,50 ,95 ,33 ,64 ,,,,,
FI,Aalto University,2023,"€ 4,630,000","€ 239,000,000",,"€ 384,000,000","€ 384,000,000",3611 ,13941 ,49.92 ,2.3 ,35 ,64 ,58 ,62 ,72 ,61 ,61 ,65 ,63 ,,,,,
FR,École Normale Supérieure Paris-Saclay (ENS Paris-Saclay),2021,"€ 100,000","€ 85,600,000","€ 1,300,000","€ 94,900,000","€ 94,900,000",293 ,2000 ,2.57 ,1.2 ,14 ,62 ,58 ,22 ,105 ,60 ,47 ,75 ,61 ,,,,,
DK,Aarhus University (AU),2022,,"4,234,471,000 kr.","64,976,000 kr.","7,316,000,000 kr.","€ 980,190,794",4846 ,26090 ,125.28 ,2.8 ,33 ,62 ,58 ,83 ,44 ,60 ,68 ,55 ,61 ,,,,,
NL,Eindhoven University of Technology (TU/e),2022,,"€ 314,100,000","€ 28,100,000","€ 477,800,000","€ 477,800,000",2396 ,12876 ,59.86 ,1.6 ,26 ,59 ,57 ,80 ,40 ,58 ,66 ,52 ,59 ,,,,,
CH,University of Geneva (UNIGE),2023,"3,158,729 CHF","679,383,671 CHF",,"825,582,486 CHF","€ 844,505,317",3039 ,18261 ,104.12 ,,,63 ,58 ,98 ,,61 ,73 ,40 ,57 ,,,,,
CH,University of Zurich (UZH),2023,"3,581,000 CHF","987,439,000 CHF","33,702,000 CHF","1,570,476,000 CHF","€ 1,606,472,223",4540 ,27895 ,142.50 ,1.9 ,12 ,62 ,59 ,88 ,10 ,61 ,70 ,44 ,57 ,,,,,
UK,The University of Edinburgh,2023,"£55,100,000","£210,900,000","£513,700,000","£1,385,000,000","€ 1,614,913,640",5015 ,41250 ,127.71 ,4.9 ,78 ,28 ,55 ,53 ,116 ,42 ,46 ,66 ,56 ,,,,,
SE,KTH Royal Institute of Technology,2022,,"2,660,597,000 kr","703,808,000 kr","5,425,973,000 kr","€ 470,608,832",843 ,13583 ,54.93 ,2.0 ,30 ,53 ,50 ,70 ,55 ,51 ,57 ,53 ,55 ,,,,,
IT,University of Padova (UNIPD),2022,,"€ 445,684,557","€ 103,976,679","€ 715,010,067","€ 715,010,067",2268 ,12739 ,62.30 ,1.3 ,12 ,54 ,60 ,84 ,15 ,57 ,66 ,43 ,55 ,,,,,
CH,Università della Svizzera Italiana (USI),2022,,"75,144,893 CHF","15,984,458 CHF","107,678,803 CHF","€ 110,146,864",485 ,3922 ,5.91 ,1.4 ,18 ,55 ,53 ,26 ,80 ,54 ,45 ,63 ,54 ,,,,,
NL,Radboud University Nijmegen (RU),2022,,"€ 402,124,000","€ 35,660,000","€ 714,862,000","€ 714,862,000",3467 ,24402 ,88.36 ,1.8 ,29 ,59 ,54 ,62 ,27 ,57 ,59 ,47 ,53 ,,,,,
NL,Wageningen University & Research (WUR),2022,,"€ 422,400,000","€ 32,800,000","€ 852,200,000","€ 852,200,000",3717 ,13678 ,55.20 ,,,60 ,63 ,70 ,,61 ,64 ,41 ,53 ,,,,,
CH,University of Lausanne (UNIL),2022,,"341,050,000 CHF","16,490,000 CHF","738,450,000 CHF","€ 755,375,703",2547 ,16908 ,67.90 ,,,61 ,57 ,69 ,,59 ,62 ,39 ,51 ,,,,,
LU,University of Luxembourg,2022,,"€ 236,100,000",,"€ 328,700,000","€ 328,700,000",1240 ,7267 ,17.69 ,1.3 ,9 ,63 ,58 ,42 ,20 ,61 ,54 ,47 ,51 ,,,,,
UK,UCL,2023,"£29,000,000","£236,700,000","£929,300,000","£1,968,300,000","€ 2,295,042,973",7380 ,46830 ,219.78 ,3.6 ,58 ,19 ,58 ,81 ,56 ,38 ,53 ,44 ,48 ,,,,,
FI,University of Helsinki,2022,"€ 1,355,550","€ 413,331,000",,"€ 1,051,105,118","€ 1,051,105,118",4206 ,31252 ,73.16 ,1.6 ,18 ,63 ,55 ,40 ,12 ,59 ,53 ,43 ,48 ,,,,,
NL,Utrecht University (UU),2022,,"€ 644,000,000","€ 64,000,000","€ 1,066,000,000","€ 1,066,000,000",5244 ,39959 ,121.86 ,1.5 ,20 ,59 ,53 ,53 ,9 ,56 ,55 ,40 ,48 ,,,,,
FR,Institut d'Optique Graduate School (IOGS),2017,*,*,*,*,*,50 ,600 ,2.89 ,,,50 ,50 ,83 ,,50 ,61 ,33 ,47 ,,,,,
DK,University of Aalborg (AAU),2022,,"2,186,629,000 kr.","77,679,000 kr.","3,027,319,000 kr.","€ 405,597,350",1914 ,14955 ,17.79 ,1.5 ,25 ,61 ,53 ,21 ,31 ,57 ,45 ,49 ,47 ,,,,,
NL,University of Groningen (RUG),2022,,"€ 530,802,700","€ 67,751,100","€ 834,083,100","€ 834,083,100",3750 ,37000 ,120.01 ,1.2 ,14 ,58 ,50 ,56 ,6 ,54 ,55 ,38 ,46 ,,,,,
FI,Tampere University,2022,,"€ 195,000,000",,"€ 345,200,000","€ 345,200,000",2105 ,15438 ,23.26 ,1.6 ,16 ,63 ,52 ,26 ,21 ,58 ,47 ,45 ,46 ,,,,,
NL,University of Amsterdam (UvA),2022,,"€ 556,300,000","€ 92,100,000","€ 993,400,000","€ 993,400,000",3408 ,42143 ,101.00 ,2.4 ,34 ,56 ,49 ,41 ,24 ,53 ,49 ,43 ,46 ,,,,,
CH,University of Fribourg (UNIFR),2022,,"110,565,000 CHF",,"236,734,000 CHF","€ 242,160,081",550 ,10363 ,32.84 ,,,63 ,46 ,55 ,,55 ,55 ,36 ,46 ,,,,,
DK,University of Southern Denmark (SDU),2022,,"2,219,200,000 kr.","87,905,000 kr.","3,337,000,000 kr.","€ 447,088,119",2267 ,16588 ,42.02 ,,,61 ,53 ,44 ,,57 ,53 ,38 ,45 ,,,,,
NL,Leiden University,2022,,"€ 498,700,000","€ 66,000,000","€ 812,600,000","€ 812,600,000",1903 ,33474 ,102.46 ,1.3 ,14 ,57 ,47 ,53 ,7 ,52 ,52 ,37 ,45 ,,,,,
NL,VU Amsterdam,2022,,"€ 473,310,000","€ 60,361,000","€ 690,144,000","€ 690,144,000",2797 ,31761 ,63.65 ,1.8 ,23 ,58 ,49 ,35 ,16 ,53 ,47 ,41 ,44 ,,,,,
NL,University of Twente (UTwente),2022,,"€ 285,000,000","€ 28,500,000","€ 432,200,000","€ 432,200,000",2069 ,12493 ,21.01 ,1.0 ,2 ,59 ,56 ,29 ,2 ,57 ,48 ,39 ,43 ,,,,,
FI,University of Oulu,2022,"€ 4,010,236","€ 204,568,000",,"€ 316,932,680","€ 316,932,680",2280 ,14200 ,20.50 ,,,64 ,53 ,25 ,,58 ,47 ,39 ,43 ,,,,,
BE,Catholic University of Leuven (KU Leuven),2022,"€ 16,962,080","€ 447,679,492","€ 54,750,430","€ 1,199,200,318","€ 1,199,200,318",4353 ,65651 ,124.13 ,2.1 ,28 ,59 ,46 ,33 ,11 ,53 ,46 ,39 ,43 ,,,,,
FI,Åbo Akademi University,2022,"€ 6,866,583","€ 80,722,168",,"€ 135,345,844","€ 135,345,844",604 ,4950 ,4.04 ,,,67 ,53 ,14 ,,60 ,45 ,40 ,42 ,,,,,
NL,Erasmus University Rotterdam (EUR),2022,,"€ 406,000,000","€ 59,000,000","€ 810,000,000","€ 810,000,000",3049 ,33334 ,71.78 ,,,57 ,50 ,37 ,,54 ,48 ,36 ,42 ,,,,,
IT,University of Trento (UNITN),2023,,"€ 147,241,458","€ 20,629,278","€ 209,455,095","€ 209,455,095",824 ,16410 ,20.56 ,1.9 ,21 ,57 ,42 ,22 ,30 ,50 ,40 ,43 ,42 ,,,,,
FI,University of Jyväskylä,2022,,"€ 145,400,000",,"€ 222,200,000","€ 222,200,000",1746 ,14340 ,21.48 ,,,63 ,49 ,26 ,,56 ,46 ,37 ,42 ,,,,,
BE,University of Liège (ULg),2023,"€ 5,160,000","€ 103,200,000",,"€ 516,000,000","€ 516,000,000",3568 ,27678 ,28.06 ,,,65 ,51 ,18 ,,58 ,44 ,39 ,42 ,,,,,
NL,Maastricht University (UM),2022,,"€ 350,370,000","€ 41,223,000","€ 558,679,000","€ 558,679,000",2430 ,22406 ,33.03 ,1.1 ,7 ,58 ,51 ,25 ,4 ,55 ,45 ,38 ,41 ,,,,,
UK,University of Bristol (UoB),2023,"£600,000","£127,700,000","£416,400,000","£934,200,000","€ 1,089,279,655",3335 ,31485 ,112.44 ,2.2 ,47 ,19 ,53 ,62 ,41 ,36 ,45 ,38 ,41 ,,,,,
BE,Free University of Brussels (VUB),2022,"€ 1,545,561","€ 146,972,267",,"€ 331,968,251","€ 331,968,251",2453 ,21617 ,27.20 ,,,63 ,49 ,22 ,,56 ,45 ,37 ,41 ,,,,,
FR,CentraleSupélec,2022,,"€ 12,486,843",,"€ 117,651,589","€ 117,651,589",501 ,4384 ,3.87 ,,,63 ,52 ,15 ,,58 ,43 ,38 ,41 ,,,,,
EE,University of Tartu (UT),2022,"€ 2,272,000","€ 44,663,000","€ 9,198,000","€ 244,230,000","€ 244,230,000",1847 ,14263 ,19.46 ,1.2 ,7 ,57 ,50 ,24 ,7 ,53 ,44 ,38 ,41 ,,,,,
CH,University of Neuchâtel (UniNE),2022,,"96,570,451 CHF",,"141,671,439 CHF","€ 144,918,631",529 ,4409 ,2.88 ,,,63 ,54 ,11 ,,58 ,43 ,39 ,41 ,,,,,
FI,University of Turku (UTU),2022,,"€ 170,900,000",,"€ 289,107,937","€ 289,107,937",3439 ,22287 ,23.00 ,,,63 ,49 ,18 ,,56 ,43 ,37 ,40 ,,,,,
BE,Hasselt University (UHasselt),2022,"€ 787,395","€ 78,111,453","€ 4,919,090","€ 138,761,858","€ 138,761,858",1314 ,6753 ,5.15 ,,,61 ,54 ,13 ,,57 ,43 ,38 ,40 ,,,,,
IS,University of Iceland,2022,"1,644,641,233 kr","21,390,200,000 kr","727,601,475 kr","31,234,324,081 kr","€ 207,811,341",876 ,14167 ,19.31 ,,,65 ,44 ,24 ,,55 ,44 ,36 ,40 ,,,,,
FR,Paris Cité University,2022,,"€ 516,000,000","€ 37,000,000","€ 693,000,000","€ 693,000,000",7850 ,63000 ,94.92 ,,,60 ,47 ,26 ,,53 ,44 ,36 ,40 ,,,,,
EE,Tallinn University of Technology (TUT),2022,"€ 13,059,331","€ 51,775,598","€ 5,408,741","€ 127,845,362","€ 127,845,362",859 ,8846 ,3.85 ,,,69 ,47 ,8 ,,58 ,41 ,39 ,40 ,,,,,
FI,University of Eastern Finland (UEF),2022,,"€ 155,350,916",,"€ 256,352,555","€ 256,352,555",1689 ,16170 ,14.69 ,,,63 ,48 ,16 ,,56 ,42 ,37 ,40 ,,,,,
BE,Catholic University of Louvain (UCLouvain),2021,,"€ 296,960,000","€ 20,480,000","€ 512,000,000","€ 512,000,000",3106 ,34318 ,41.16 ,,,60 ,47 ,21 ,,53 ,43 ,36 ,39 ,,,,,
FR,Sorbonne University,2022,"€ 73,475","€ 516,209,384","€ 27,579,916","€ 718,883,124","€ 718,883,124",3001 ,58132 ,94.29 ,,,61 ,42 ,28 ,,51 ,44 ,34 ,39 ,,,,,
BE,Ghent University (UGent),2022,"€ 2,800,000","€ 338,800,000","€ 33,940,645","€ 818,252,566","€ 818,252,566",2115 ,50000 ,84.27 ,,,59 ,43 ,29 ,,51 ,44 ,34 ,39 ,,,,,
CZ,Charles University (CU),2022,"1,527,000 K?","9,986,630,000 K?","888,843,000 K?","13,836,220,000 K?","€ 546,832,866",5097 ,51727 ,43.38 ,1.6 ,23 ,59 ,45 ,14 ,9 ,52 ,40 ,38 ,39 ,,,,,
SI,University of Ljubljana,2022,"€ 339,239","€ 351,034,175",,"€ 464,664,582","€ 464,664,582",4122 ,37509 ,13.61 ,,,63 ,47 ,6 ,,55 ,39 ,37 ,38 ,,,,,
BE,Université Libre de Bruxelles (ULB),2021,*,*,*,*,*,2301 ,31632 ,38.19 ,1.2 ,10 ,50 ,50 ,21 ,5 ,50 ,40 ,35 ,38 ,,,,,
CZ,Masaryk University (MU),2022,"21,450,000 K?","4,831,049,000 K?","304,293,000 K?","8,743,272,000 K?","€ 345,550,193",2667 ,32335 ,15.09 ,1.3 ,17 ,60 ,44 ,8 ,9 ,52 ,38 ,38 ,38 ,,,,,
FI,Lappeenranta University of Technology (LUT),2022,"€ 3,082,276","€ 56,319,000",,"€ 107,036,021","€ 107,036,021",788 ,9092 ,2.13 ,,,65 ,45 ,4 ,,55 ,38 ,37 ,37 ,,,,,
LT,Kaunas University of Technology (KTU),2022,,"€ 53,158,584",,"€ 82,284,663","€ 82,284,663",909 ,7298 ,1.03 ,,,63 ,47 ,2 ,,55 ,37 ,37 ,37 ,,,,,
BE,University of Mons (UMONS),2024,*,*,*,*,*,900 ,10000 ,12.92 ,,,50 ,50 ,22 ,,50 ,41 ,33 ,37 ,,,,,
BE,University of Namur (UNamur),2021,*,*,*,*,*,830 ,6499 ,7.92 ,,,50 ,50 ,21 ,,50 ,40 ,33 ,37 ,,,,,
LT,Vilnius University (VU),2022,,"€ 117,080,000",,"€ 192,860,000","€ 192,860,000",2214 ,23245 ,11.33 ,,,63 ,43 ,8 ,,53 ,38 ,35 ,37 ,,,,,
BE,University of Antwerp (UA),2022,"€ 2,604,620",*,*,*,*,5135 ,23202 ,27.84 ,,,50 ,50 ,21 ,,50 ,40 ,33 ,37 ,,,,,
FR,Université Paris Dauphine - PSL,2023,,"€ 60,800,000","€ 39,200,000","€ 114,700,000","€ 114,700,000",3500 ,9484 ,3.22 ,1.3 ,11 ,43 ,55 ,6 ,19 ,49 ,35 ,39 ,37 ,,,,,
DK,Roskilde University (RUC),2022,,"634,700,000 kr.",,"787,500,000 kr.","€ 105,508,509",538 ,8045 ,2.51 ,,,63 ,44 ,5 ,,53 ,37 ,36 ,37 ,,,,,
UK,University of Southampton (Soton),2023,"£3,448,000","£91,494,000","£361,632,000","£730,044,000","€ 851,233,223",2445 ,23795 ,63.86 ,1.7 ,34 ,17 ,53 ,46 ,30 ,35 ,39 ,34 ,36 ,,,,,
UK,King's College London (KCL),2023,"£28,900,000","£148,300,000","£607,800,000","£1,230,000,000","€ 1,434,183,233",4525 ,41490 ,112.24 ,2.3 ,36 ,19 ,54 ,47 ,25 ,36 ,40 ,33 ,36 ,,,,,
UK,University of Liverpool,2023,"£2,600,000","£94,600,000","£342,500,000","£675,100,000","€ 787,168,374",2745 ,28680 ,58.62 ,2.2 ,42 ,18 ,51 ,35 ,40 ,35 ,35 ,37 ,36 ,,,,,
LV,Riga Technical University (RTU),2022,"€ 7,500","€ 59,146,671",,"€ 85,680,826","€ 85,680,826",1377 ,13039 ,1.27 ,,,63 ,43 ,2 ,,53 ,36 ,35 ,35 ,,,,,
IT,Polytechnic University of Milan,2022,,"€ 318,235,849","€ 86,177,594","€ 582,806,128","€ 582,806,128",1627 ,47959 ,18.43 ,2.1 ,38 ,53 ,39 ,7 ,21 ,46 ,33 ,38 ,35 ,,,,,
FR,AgroParisTech,2022,,"€ 15,300,000","€ 7,700,000","€ 38,100,000","€ 38,100,000",250 ,3000 ,4.85 ,,,46 ,45 ,28 ,,46 ,40 ,31 ,35 ,,,,,
IT,University of Genova,2022,,"€ 243,288,829","€ 47,175,453","€ 360,460,467","€ 360,460,467",1355 ,26339 ,10.59 ,1.3 ,10 ,55 ,43 ,7 ,6 ,49 ,35 ,35 ,35 ,,,,,
IT,University of Rome Tor Vergata,2022,,"€ 212,140,470","€ 32,808,958","€ 330,933,638","€ 330,933,638",1310 ,29362 ,22.73 ,,,57 ,40 ,13 ,,49 ,37 ,32 ,35 ,,,,,
NL,Tilburg University,2022,,"€ 196,693,950","€ 33,135,497","€ 291,296,473","€ 291,296,473",1294 ,19497 ,1.74 ,1.1 ,4 ,56 ,45 ,2 ,3 ,50 ,34 ,35 ,34 ,,,,,
IT,University of Trieste (UNITS),2022,,"€ 128,991,623","€ 20,005,825","€ 173,093,242","€ 173,093,242",644 ,17201 ,13.50 ,,,57 ,39 ,14 ,,48 ,36 ,32 ,34 ,,,,,
UK,The University of Warwick (Warwick),2023,"£4,000,000","£74,400,000","£453,800,000","£839,400,000","€ 978,742,606",2745 ,28825 ,58.98 ,2.4 ,35 ,13 ,53 ,35 ,36 ,33 ,33 ,34 ,34 ,,,,,
UK,The University of Manchester (UoM),2023,"£18,564,000","£184,180,000","£659,945,000","£1,344,665,000","€ 1,567,882,924",4820 ,46410 ,131.31 ,1.4 ,18 ,20 ,53 ,49 ,7 ,36 ,40 ,26 ,33 ,,,,,
IT,University of Naples Federico II (UNINA),2022,,"€ 486,789,762","€ 69,227,637","€ 681,246,368","€ 681,246,368",2867 ,73553 ,38.32 ,,,57 ,38 ,9 ,,48 ,35 ,32 ,33 ,,,,,
UK,University of Surrey,2023,"£2,099,000","£48,390,000","£150,726,000","£316,331,000","€ 368,842,777",1300 ,15575 ,18.08 ,1.9 ,26 ,21 ,49 ,20 ,40 ,35 ,30 ,37 ,33 ,,,,,
IT,Sapienza University of Rome,2022,,"€ 644,619,669","€ 116,819,771","€ 880,317,965","€ 880,317,965",3576 ,122143 ,53.85 ,2.4 ,40 ,56 ,35 ,8 ,10 ,45 ,33 ,33 ,33 ,,,,,
UK,University of Birmingham (UB),2023,"£9,000,000","£113,000,000","£445,000,000","£929,000,000","€ 1,083,216,442",3665 ,37990 ,72.36 ,2.1 ,38 ,18 ,52 ,33 ,26 ,35 ,34 ,32 ,33 ,,,,,
IT,University of Pisa (UNIPI),2023,,"€ 271,160,973","€ 64,849,737","€ 405,512,751","€ 405,512,751",1518 ,52583 ,40.50 ,1.4 ,20 ,54 ,35 ,13 ,7 ,44 ,34 ,32 ,33 ,,,,,
IT,University of Milan (UNIMI),2022,,"€ 420,860,593","€ 89,463,377","€ 640,822,754","€ 640,822,754",2538 ,59773 ,30.47 ,,,55 ,40 ,9 ,,47 ,34 ,31 ,33 ,,,,,
UK,Durham University,2023,"£9,373,000","£46,778,000","£289,887,000","£484,223,000","€ 564,605,291",2020 ,22230 ,72.89 ,1.4 ,15 ,14 ,50 ,57 ,12 ,32 ,40 ,25 ,33 ,,,,,
UK,University of Glasgow,2023,"£8,000,000","£185,900,000","£410,800,000","£952,200,000","€ 1,110,267,703",3810 ,42980 ,77.62 ,1.7 ,28 ,26 ,50 ,31 ,14 ,38 ,36 ,30 ,33 ,,,,,
IT,University of Florence (UNIFI),2022,,"€ 321,313,103","€ 57,047,349","€ 459,478,287","€ 459,478,287",1800 ,51000 ,24.93 ,,,56 ,37 ,8 ,,47 ,34 ,31 ,32 ,,,,,
IT,University of Pavia (UNIPV),2021,"€ 71,722","€ 167,965,881","€ 39,368,427","€ 251,080,695","€ 251,080,695",896 ,24023 ,11.79 ,,,54 ,39 ,8 ,,46 ,34 ,31 ,32 ,,,,,
IT,University of Modena and Reggio Emilia (UNIMORE),2022,,"€ 178,626,191","€ 61,887,234","€ 253,060,701","€ 253,060,701",944 ,20087 ,10.56 ,,,50 ,42 ,9 ,,46 ,34 ,31 ,32 ,,,,,
UK,Queen Mary University of London (QMUL),2023,"£2,900,000","£80,000,000","£382,900,000","£679,800,000","€ 792,648,587",2505 ,26045 ,61.42 ,1.8 ,20 ,15 ,52 ,41 ,17 ,33 ,36 ,28 ,32 ,,,,,
CH,University of Applied Sciences and Arts of Southern Switzerland (SUPSI),2022,,"18,592,398 CHF","15,175,789 CHF","140,372,578 CHF","€ 143,589,999",933 ,6010 ,1.77 ,,,40 ,53 ,5 ,,47 ,33 ,31 ,32 ,,,,,
UK,The University of Sheffield,2023,"£11,700,000","£111,500,000","£397,500,000","£887,000,000","€ 1,034,244,331",3345 ,30860 ,48.80 ,1.6 ,28 ,20 ,53 ,27 ,18 ,36 ,33 ,30 ,32 ,,,,,
IT,University of Milano-Bicocca (UNIMIB),2022,,"€ 199,030,207","€ 49,636,757","€ 307,976,956","€ 307,976,956",900 ,32841 ,22.08 ,,,53 ,36 ,12 ,,45 ,34 ,30 ,32 ,,,,,
IT,University of Bologna (UNIBO),2022,"€ 75,940","€ 566,196,230","€ 134,624,132","€ 879,831,965","€ 879,831,965",3382 ,96984 ,37.11 ,,,54 ,37 ,7 ,,46 ,33 ,30 ,31 ,,,,,
UK,Queen's University Belfast (QUB),2023,"£3,135,000","£108,240,000","£160,937,000","£460,525,000","€ 536,973,360",1915 ,25295 ,24.10 ,1.5 ,17 ,31 ,48 ,16 ,13 ,40 ,32 ,31 ,31 ,,,,,
HU,Eötvös Loránd University (ELTE),2022,,"5,377,274,805 Ft",,"18,406,500,000 Ft","€ 47,207,168",1800 ,35870 ,14.98 ,,,63 ,27 ,7 ,,45 ,32 ,30 ,31 ,,,,,
IT,University of Parma (UNIPR),2022,"€ 1,422,000","€ 171,231,415","€ 37,795,692","€ 237,228,536","€ 237,228,536",960 ,32000 ,14.41 ,,,55 ,35 ,8 ,,45 ,33 ,30 ,31 ,,,,,
IT,University of Turin (UNITO),2022,"€ 51,423","€ 417,456,878","€ 92,035,021","€ 596,878,425","€ 596,878,425",2377 ,81000 ,33.51 ,,,54 ,35 ,7 ,,45 ,32 ,30 ,31 ,,,,,
IT,Polytechnic University of Turin,2021,,"€ 174,402,468","€ 32,620,403","€ 296,151,444","€ 296,151,444",1217 ,39700 ,8.24 ,,,55 ,35 ,4 ,,45 ,31 ,30 ,31 ,,,,,
IT,University of Roma Tre,2021,,"€ 147,784,124","€ 29,747,686","€ 201,622,056","€ 201,622,056",893 ,32549 ,10.27 ,,,55 ,33 ,5 ,,44 ,31 ,29 ,30 ,,,,,
UK,University of London - Royal Holloway (RHUL),2023,"£655,000","£22,578,000","£136,722,000","£216,104,000","€ 251,977,832",880 ,12480 ,8.70 ,1.8 ,28 ,12 ,47 ,12 ,50 ,30 ,24 ,37 ,30 ,,,,,
LV,University of Latvia (LU),2022,,"€ 34,000,000","€ 16,000,000","€ 114,000,000","€ 114,000,000",1432 ,15250 ,1.54 ,,,47 ,43 ,2 ,,45 ,30 ,30 ,30 ,,,,,
UK,University of Leeds,2023,"£15,058,000","£107,002,000","£507,211,000","£985,279,000","€ 1,148,837,903",3530 ,37190 ,74.20 ,1.5 ,18 ,16 ,52 ,34 ,9 ,34 ,34 ,26 ,30 ,,,,,
UK,University of York,2023,"£3,189,000","£59,459,000","£256,284,000","£518,675,000","€ 604,776,413",2160 ,23420 ,35.11 ,1.5 ,23 ,16 ,51 ,26 ,18 ,33 ,31 ,28 ,30 ,,,,,
UK,Lancaster University,2023,"£3,954,000","£50,464,000","£199,319,000","£381,775,000","€ 445,150,653",1495 ,17770 ,18.32 ,1.4 ,25 ,18 ,50 ,18 ,25 ,34 ,28 ,31 ,30 ,,,,,
UK,University of Bath,2023,"£1,500,000","£46,700,000","£205,900,000","£363,000,000","€ 423,258,954",1290 ,18890 ,34.13 ,1.6 ,16 ,16 ,48 ,31 ,17 ,32 ,32 ,27 ,29 ,,,,,
HR,University of Zagreb,2023,,"€ 9,994,324",,"€ 21,431,001","€ 21,431,001",7900 ,72480 ,10.83 ,,,63 ,23 ,3 ,,43 ,29 ,28 ,29 ,,,,,
UK,Cardiff University,2023,"£1,397,000","£90,199,000","£310,617,000","£636,381,000","€ 742,021,919",2940 ,33985 ,41.21 ,1.7 ,26 ,19 ,49 ,21 ,16 ,34 ,30 ,28 ,29 ,,,,,
UK,The University of Nottingham (UoN),2022,"£4,300,000","£108,500,000","£433,700,000","£801,800,000","€ 934,900,907",3320 ,37260 ,57.68 ,1.4 ,22 ,17 ,50 ,27 ,10 ,34 ,31 ,26 ,29 ,,,,,
IT,Bocconi University,2023,"€ 5,500,000","€ 12,600,000","€ 219,892,056","€ 291,098,453","€ 291,098,453",689 ,15107 ,1.68 ,1.4 ,10 ,7 ,44 ,2 ,12 ,25 ,18 ,21 ,19 ,,,,,
UK,The Open University (OU),2022,"£5,800,000","£113,800,000","£432,100,000","£554,000,000","€ 645,965,456",3255 ,151840 ,4.36 ,1.4 ,16 ,18 ,29 ,0 ,2 ,24 ,16 ,16 ,16 ,,,,,
